Time,Q1,T1,SP1
0.000000000000000000e+00,6.483650000000003466e+00,2.154299999999999926e+01,2.300000000000000000e+01
1.000000000000000000e+00,6.483650000000003466e+00,2.154299999999999926e+01,2.300000000000000000e+01
2.000000000000000000e+00,6.483650000000003466e+00,2.154299999999999926e+01,2.300000000000000000e+01
3.000000000000000000e+00,6.483650000000003466e+00,2.154299999999999926e+01,2.300000000000000000e+01
4.000000000000000000e+00,6.341250000000003162e+00,2.157499999999999929e+01,2.300000000000000000e+01
5.000000000000000000e+00,6.483650000000003466e+00,2.154299999999999926e+01,2.300000000000000000e+01
6.000000000000000000e+00,6.483650000000003466e+00,2.154299999999999926e+01,2.300000000000000000e+01
7.000000000000000000e+00,6.198850000000002858e+00,2.160699999999999932e+01,2.300000000000000000e+01
8.000000000000000000e+00,6.198850000000002858e+00,2.160699999999999932e+01,2.300000000000000000e+01
9.000000000000000000e+00,6.051999999999997826e+00,2.164000000000000057e+01,2.300000000000000000e+01
1.000000000000000000e+01,1.000000000000000000e+02,2.160699999999999932e+01,6.000000000000000000e+01
1.100000000000000000e+01,1.000000000000000000e+02,2.215500000000000114e+01,6.000000000000000000e+01
1.200000000000000000e+01,1.000000000000000000e+02,2.209100000000000108e+01,6.000000000000000000e+01
1.300000000000000000e+01,1.000000000000000000e+02,2.212300000000000111e+01,6.000000000000000000e+01
1.400000000000000000e+01,1.000000000000000000e+02,2.215500000000000114e+01,6.000000000000000000e+01
1.500000000000000000e+01,1.000000000000000000e+02,2.212300000000000111e+01,6.000000000000000000e+01
1.600000000000000000e+01,1.000000000000000000e+02,2.215500000000000114e+01,6.000000000000000000e+01
1.700000000000000000e+01,1.000000000000000000e+02,2.234900000000000020e+01,6.000000000000000000e+01
1.800000000000000000e+01,1.000000000000000000e+02,2.244500000000000028e+01,6.000000000000000000e+01
1.900000000000000000e+01,1.000000000000000000e+02,2.244500000000000028e+01,6.000000000000000000e+01
2.000000000000000000e+01,1.000000000000000000e+02,2.280000000000000071e+01,6.000000000000000000e+01
2.100000000000000000e+01,1.000000000000000000e+02,2.289600000000000080e+01,6.000000000000000000e+01
2.200000000000000000e+01,1.000000000000000000e+02,2.308999999999999986e+01,6.000000000000000000e+01
2.300000000000000000e+01,1.000000000000000000e+02,2.334799999999999898e+01,6.000000000000000000e+01
2.400000000000000000e+01,1.000000000000000000e+02,2.367000000000000171e+01,6.000000000000000000e+01
2.500000000000000000e+01,1.000000000000000000e+02,2.379899999999999949e+01,6.000000000000000000e+01
2.600000000000000000e+01,1.000000000000000000e+02,2.405699999999999861e+01,6.000000000000000000e+01
2.700000000000000000e+01,1.000000000000000000e+02,2.441100000000000136e+01,6.000000000000000000e+01
2.800000000000000000e+01,1.000000000000000000e+02,2.466900000000000048e+01,6.000000000000000000e+01
2.900000000000000000e+01,1.000000000000000000e+02,2.495899999999999963e+01,6.000000000000000000e+01
3.000000000000000000e+01,1.000000000000000000e+02,2.508800000000000097e+01,6.000000000000000000e+01
3.100000000000000000e+01,1.000000000000000000e+02,2.531299999999999883e+01,6.000000000000000000e+01
3.200000000000000000e+01,1.000000000000000000e+02,2.563599999999999923e+01,6.000000000000000000e+01
3.300000000000000000e+01,1.000000000000000000e+02,2.598999999999999844e+01,6.000000000000000000e+01
3.400000000000000000e+01,1.000000000000000000e+02,2.628000000000000114e+01,6.000000000000000000e+01
3.500000000000000000e+01,1.000000000000000000e+02,2.663500000000000156e+01,6.000000000000000000e+01
3.600000000000000000e+01,1.000000000000000000e+02,2.695700000000000074e+01,6.000000000000000000e+01
3.700000000000000000e+01,1.000000000000000000e+02,2.724699999999999989e+01,6.000000000000000000e+01
3.800000000000000000e+01,1.000000000000000000e+02,2.756899999999999906e+01,6.000000000000000000e+01
3.900000000000000000e+01,1.000000000000000000e+02,2.792399999999999949e+01,6.000000000000000000e+01
4.000000000000000000e+01,1.000000000000000000e+02,2.831099999999999994e+01,6.000000000000000000e+01
4.100000000000000000e+01,1.000000000000000000e+02,2.856800000000000139e+01,6.000000000000000000e+01
4.200000000000000000e+01,1.000000000000000000e+02,2.892299999999999827e+01,6.000000000000000000e+01
4.300000000000000000e+01,1.000000000000000000e+02,2.921300000000000097e+01,6.000000000000000000e+01
4.400000000000000000e+01,1.000000000000000000e+02,2.960000000000000142e+01,6.000000000000000000e+01
4.500000000000000000e+01,1.000000000000000000e+02,2.989000000000000057e+01,6.000000000000000000e+01
4.600000000000000000e+01,1.000000000000000000e+02,3.021199999999999974e+01,6.000000000000000000e+01
4.700000000000000000e+01,1.000000000000000000e+02,3.066300000000000026e+01,6.000000000000000000e+01
4.800000000000000000e+01,1.000000000000000000e+02,3.101800000000000068e+01,6.000000000000000000e+01
4.900000000000000000e+01,1.000000000000000000e+02,3.133999999999999986e+01,6.000000000000000000e+01
5.000000000000000000e+01,1.000000000000000000e+02,3.175900000000000034e+01,6.000000000000000000e+01
5.100000000000000000e+01,1.000000000000000000e+02,3.211299999999999955e+01,6.000000000000000000e+01
5.200000000000000000e+01,1.000000000000000000e+02,3.240299999999999869e+01,6.000000000000000000e+01
5.300000000000000000e+01,1.000000000000000000e+02,3.272599999999999909e+01,6.000000000000000000e+01
5.400000000000000000e+01,1.000000000000000000e+02,3.304800000000000182e+01,6.000000000000000000e+01
5.500000000000000000e+01,1.000000000000000000e+02,3.340200000000000102e+01,6.000000000000000000e+01
5.600000000000000000e+01,1.000000000000000000e+02,3.375699999999999790e+01,6.000000000000000000e+01
5.700000000000000000e+01,1.000000000000000000e+02,3.411099999999999710e+01,6.000000000000000000e+01
5.800000000000000000e+01,1.000000000000000000e+02,3.436899999999999977e+01,6.000000000000000000e+01
5.900000000000000000e+01,1.000000000000000000e+02,3.465899999999999892e+01,6.000000000000000000e+01
6.000000000000000000e+01,1.000000000000000000e+02,3.504599999999999937e+01,6.000000000000000000e+01
6.100000000000000000e+01,1.000000000000000000e+02,3.533599999999999852e+01,6.000000000000000000e+01
6.200000000000000000e+01,1.000000000000000000e+02,3.562599999999999767e+01,6.000000000000000000e+01
6.300000000000000000e+01,1.000000000000000000e+02,3.597999999999999687e+01,6.000000000000000000e+01
6.400000000000000000e+01,1.000000000000000000e+02,3.649600000000000222e+01,6.000000000000000000e+01
6.500000000000000000e+01,1.000000000000000000e+02,3.691499999999999915e+01,6.000000000000000000e+01
6.600000000000000000e+01,1.000000000000000000e+02,3.723700000000000188e+01,6.000000000000000000e+01
6.700000000000000000e+01,9.971560000000000912e+01,3.759199999999999875e+01,6.000000000000000000e+01
6.800000000000000000e+01,9.814030000000001053e+01,3.794599999999999795e+01,6.000000000000000000e+01
6.900000000000000000e+01,9.699219999999999686e+01,3.820400000000000063e+01,6.000000000000000000e+01
7.000000000000000000e+01,9.541245000000002108e+01,3.855899999999999750e+01,6.000000000000000000e+01
7.100000000000000000e+01,9.412195000000001244e+01,3.884899999999999665e+01,6.000000000000000000e+01
7.200000000000000000e+01,9.254664999999998543e+01,3.920300000000000296e+01,6.000000000000000000e+01
7.300000000000000000e+01,9.111375000000001023e+01,3.952499999999999858e+01,6.000000000000000000e+01
7.400000000000000000e+01,8.996564999999999657e+01,3.978300000000000125e+01,6.000000000000000000e+01
7.500000000000000000e+01,8.824349999999999739e+01,4.017000000000000171e+01,6.000000000000000000e+01
7.600000000000000000e+01,8.709540000000001214e+01,4.042799999999999727e+01,6.000000000000000000e+01
7.700000000000000000e+01,8.552010000000001355e+01,4.078199999999999648e+01,6.000000000000000000e+01
7.800000000000000000e+01,8.379795000000001437e+01,4.116899999999999693e+01,6.000000000000000000e+01
7.900000000000000000e+01,8.236505000000001075e+01,4.149099999999999966e+01,6.000000000000000000e+01
8.000000000000000000e+01,8.135935000000000628e+01,4.171699999999999875e+01,6.000000000000000000e+01
8.100000000000000000e+01,7.992645000000000266e+01,4.203900000000000148e+01,6.000000000000000000e+01
8.200000000000000000e+01,7.834670000000001266e+01,4.239399999999999835e+01,6.000000000000000000e+01
8.300000000000000000e+01,7.720304999999999040e+01,4.265100000000000335e+01,6.000000000000000000e+01
8.400000000000000000e+01,7.548090000000001965e+01,4.303799999999999670e+01,6.000000000000000000e+01
8.500000000000000000e+01,7.433280000000000598e+01,4.329599999999999937e+01,6.000000000000000000e+01
8.600000000000000000e+01,7.261065000000000680e+01,4.368299999999999983e+01,6.000000000000000000e+01
8.700000000000000000e+01,7.146700000000001296e+01,4.393999999999999773e+01,6.000000000000000000e+01
8.800000000000000000e+01,6.974485000000001378e+01,4.432699999999999818e+01,6.000000000000000000e+01
8.900000000000000000e+01,6.873915000000000930e+01,4.455299999999999727e+01,6.000000000000000000e+01
9.000000000000000000e+01,6.773790000000001044e+01,4.477799999999999869e+01,6.000000000000000000e+01
9.100000000000000000e+01,6.702145000000000152e+01,4.493900000000000006e+01,6.000000000000000000e+01
9.200000000000000000e+01,6.558410000000000650e+01,4.526200000000000045e+01,6.000000000000000000e+01
9.300000000000000000e+01,6.429359999999999786e+01,4.555199999999999960e+01,6.000000000000000000e+01
9.400000000000000000e+01,6.386639999999999162e+01,4.564800000000000324e+01,6.000000000000000000e+01
9.500000000000000000e+01,6.286069999999999425e+01,4.587400000000000233e+01,6.000000000000000000e+01
9.600000000000000000e+01,6.142780000000001195e+01,4.619599999999999795e+01,6.000000000000000000e+01
9.700000000000000000e+01,6.113854999999998796e+01,4.626100000000000279e+01,6.000000000000000000e+01
9.800000000000000000e+01,5.999045000000000982e+01,4.651899999999999835e+01,6.000000000000000000e+01
9.900000000000000000e+01,5.898920000000000385e+01,4.674399999999999977e+01,6.000000000000000000e+01
1.000000000000000000e+02,5.841515000000001123e+01,4.687299999999999756e+01,6.000000000000000000e+01
1.010000000000000000e+02,5.726705000000000467e+01,4.713100000000000023e+01,6.000000000000000000e+01
1.020000000000000000e+02,5.726705000000000467e+01,4.713100000000000023e+01,6.000000000000000000e+01
1.030000000000000000e+02,5.611894999999999101e+01,4.738900000000000290e+01,6.000000000000000000e+01
1.040000000000000000e+02,5.569175000000000608e+01,4.748499999999999943e+01,6.000000000000000000e+01
1.050000000000000000e+02,5.468605000000000871e+01,4.771099999999999852e+01,6.000000000000000000e+01
1.060000000000000000e+02,5.425440000000000396e+01,4.780799999999999983e+01,6.000000000000000000e+01
1.070000000000000000e+02,5.311075000000001012e+01,4.806499999999999773e+01,6.000000000000000000e+01
1.080000000000000000e+02,5.282149999999999324e+01,4.813000000000000256e+01,6.000000000000000000e+01
1.090000000000000000e+02,5.296390000000000953e+01,4.809799999999999898e+01,6.000000000000000000e+01
1.100000000000000000e+02,5.138860000000001094e+01,4.845199999999999818e+01,6.000000000000000000e+01
1.110000000000000000e+02,5.153099999999999170e+01,4.842000000000000171e+01,6.000000000000000000e+01
1.120000000000000000e+02,5.138860000000001094e+01,4.845199999999999818e+01,6.000000000000000000e+01
1.130000000000000000e+02,4.995570000000000022e+01,4.877400000000000091e+01,6.000000000000000000e+01
1.140000000000000000e+02,5.024049999999999727e+01,4.871000000000000085e+01,6.000000000000000000e+01
1.150000000000000000e+02,4.995570000000000022e+01,4.877400000000000091e+01,6.000000000000000000e+01
1.160000000000000000e+02,4.866519999999999868e+01,4.906400000000000006e+01,6.000000000000000000e+01
1.170000000000000000e+02,4.909239999999998361e+01,4.896800000000000352e+01,6.000000000000000000e+01
1.180000000000000000e+02,4.866519999999999868e+01,4.906400000000000006e+01,6.000000000000000000e+01
1.190000000000000000e+02,4.809115000000001316e+01,4.919299999999999784e+01,6.000000000000000000e+01
1.200000000000000000e+02,4.751709999999999212e+01,4.932200000000000273e+01,6.000000000000000000e+01
1.210000000000000000e+02,4.737470000000000425e+01,4.935399999999999920e+01,6.000000000000000000e+01
1.220000000000000000e+02,4.722784999999999656e+01,4.938700000000000045e+01,6.000000000000000000e+01
1.230000000000000000e+02,4.708545000000001579e+01,4.941899999999999693e+01,6.000000000000000000e+01
1.240000000000000000e+02,4.680065000000001874e+01,4.948299999999999699e+01,6.000000000000000000e+01
1.250000000000000000e+02,4.593735000000000213e+01,4.967699999999999960e+01,6.000000000000000000e+01
1.260000000000000000e+02,4.593735000000000213e+01,4.967699999999999960e+01,6.000000000000000000e+01
1.270000000000000000e+02,4.607974999999999000e+01,4.964500000000000313e+01,6.000000000000000000e+01
1.280000000000000000e+02,4.565255000000000507e+01,4.974099999999999966e+01,6.000000000000000000e+01
1.290000000000000000e+02,4.565255000000000507e+01,4.974099999999999966e+01,6.000000000000000000e+01
1.300000000000000000e+02,4.536330000000001661e+01,4.980599999999999739e+01,6.000000000000000000e+01
1.310000000000000000e+02,4.493609999999999616e+01,4.990200000000000102e+01,6.000000000000000000e+01
1.320000000000000000e+02,4.436205000000000354e+01,5.003099999999999881e+01,6.000000000000000000e+01
1.330000000000000000e+02,4.450444999999999141e+01,4.999900000000000233e+01,6.000000000000000000e+01
1.340000000000000000e+02,4.436205000000000354e+01,5.003099999999999881e+01,6.000000000000000000e+01
1.350000000000000000e+02,4.464685000000000770e+01,4.996699999999999875e+01,6.000000000000000000e+01
1.360000000000000000e+02,4.421964999999999435e+01,5.006300000000000239e+01,6.000000000000000000e+01
1.370000000000000000e+02,4.436205000000000354e+01,5.003099999999999881e+01,6.000000000000000000e+01
1.380000000000000000e+02,4.393039999999999878e+01,5.012800000000000011e+01,6.000000000000000000e+01
1.390000000000000000e+02,4.349874999999999403e+01,5.022500000000000142e+01,6.000000000000000000e+01
1.400000000000000000e+02,4.321394999999999698e+01,5.028900000000000148e+01,6.000000000000000000e+01
1.410000000000000000e+02,4.292470000000000852e+01,5.035399999999999920e+01,6.000000000000000000e+01
1.420000000000000000e+02,4.307155000000000911e+01,5.032099999999999795e+01,6.000000000000000000e+01
1.430000000000000000e+02,4.335635000000001327e+01,5.025699999999999790e+01,6.000000000000000000e+01
1.440000000000000000e+02,4.321394999999999698e+01,5.028900000000000148e+01,6.000000000000000000e+01
1.450000000000000000e+02,4.292470000000000852e+01,5.035399999999999920e+01,6.000000000000000000e+01
1.460000000000000000e+02,4.292470000000000852e+01,5.035399999999999920e+01,6.000000000000000000e+01
1.470000000000000000e+02,4.321394999999999698e+01,5.028900000000000148e+01,6.000000000000000000e+01
1.480000000000000000e+02,4.307155000000000911e+01,5.032099999999999795e+01,6.000000000000000000e+01
1.490000000000000000e+02,4.321394999999999698e+01,5.028900000000000148e+01,6.000000000000000000e+01
1.500000000000000000e+02,4.321394999999999698e+01,5.028900000000000148e+01,6.000000000000000000e+01
1.510000000000000000e+02,4.292470000000000852e+01,5.035399999999999920e+01,6.000000000000000000e+01
1.520000000000000000e+02,4.292470000000000852e+01,5.035399999999999920e+01,6.000000000000000000e+01
1.530000000000000000e+02,4.321394999999999698e+01,5.028900000000000148e+01,6.000000000000000000e+01
1.540000000000000000e+02,4.321394999999999698e+01,5.028900000000000148e+01,6.000000000000000000e+01
1.550000000000000000e+02,4.335635000000001327e+01,5.025699999999999790e+01,6.000000000000000000e+01
1.560000000000000000e+02,4.378800000000001802e+01,5.015999999999999659e+01,6.000000000000000000e+01
1.570000000000000000e+02,4.436205000000000354e+01,5.003099999999999881e+01,6.000000000000000000e+01
1.580000000000000000e+02,4.464685000000000770e+01,4.996699999999999875e+01,6.000000000000000000e+01
1.590000000000000000e+02,4.407280000000001507e+01,5.009599999999999653e+01,6.000000000000000000e+01
1.600000000000000000e+02,4.421964999999999435e+01,5.006300000000000239e+01,6.000000000000000000e+01
1.610000000000000000e+02,4.407280000000001507e+01,5.009599999999999653e+01,6.000000000000000000e+01
1.620000000000000000e+02,4.464685000000000770e+01,4.996699999999999875e+01,6.000000000000000000e+01
1.630000000000000000e+02,4.407280000000001507e+01,5.009599999999999653e+01,6.000000000000000000e+01
1.640000000000000000e+02,4.436205000000000354e+01,5.003099999999999881e+01,6.000000000000000000e+01
1.650000000000000000e+02,4.436205000000000354e+01,5.003099999999999881e+01,6.000000000000000000e+01
1.660000000000000000e+02,4.421964999999999435e+01,5.006300000000000239e+01,6.000000000000000000e+01
1.670000000000000000e+02,4.436205000000000354e+01,5.003099999999999881e+01,6.000000000000000000e+01
1.680000000000000000e+02,4.450444999999999141e+01,4.999900000000000233e+01,6.000000000000000000e+01
1.690000000000000000e+02,4.436205000000000354e+01,5.003099999999999881e+01,6.000000000000000000e+01
1.700000000000000000e+02,4.407280000000001507e+01,5.009599999999999653e+01,6.000000000000000000e+01
1.710000000000000000e+02,4.421964999999999435e+01,5.006300000000000239e+01,6.000000000000000000e+01
1.720000000000000000e+02,4.421964999999999435e+01,5.006300000000000239e+01,6.000000000000000000e+01
1.730000000000000000e+02,4.450444999999999141e+01,4.999900000000000233e+01,6.000000000000000000e+01
1.740000000000000000e+02,4.450444999999999141e+01,4.999900000000000233e+01,6.000000000000000000e+01
1.750000000000000000e+02,4.450444999999999141e+01,4.999900000000000233e+01,6.000000000000000000e+01
1.760000000000000000e+02,4.464685000000000770e+01,4.996699999999999875e+01,6.000000000000000000e+01
1.770000000000000000e+02,4.450444999999999141e+01,4.999900000000000233e+01,6.000000000000000000e+01
1.780000000000000000e+02,4.464685000000000770e+01,4.996699999999999875e+01,6.000000000000000000e+01
1.790000000000000000e+02,4.464685000000000770e+01,4.996699999999999875e+01,6.000000000000000000e+01
1.800000000000000000e+02,4.421964999999999435e+01,5.006300000000000239e+01,6.000000000000000000e+01
1.810000000000000000e+02,4.421964999999999435e+01,5.006300000000000239e+01,6.000000000000000000e+01
1.820000000000000000e+02,4.450444999999999141e+01,4.999900000000000233e+01,6.000000000000000000e+01
1.830000000000000000e+02,4.464685000000000770e+01,4.996699999999999875e+01,6.000000000000000000e+01
1.840000000000000000e+02,4.478924999999998846e+01,4.993500000000000227e+01,6.000000000000000000e+01
1.850000000000000000e+02,4.436205000000000354e+01,5.003099999999999881e+01,6.000000000000000000e+01
1.860000000000000000e+02,4.450444999999999141e+01,4.999900000000000233e+01,6.000000000000000000e+01
1.870000000000000000e+02,4.450444999999999141e+01,4.999900000000000233e+01,6.000000000000000000e+01
1.880000000000000000e+02,4.478924999999998846e+01,4.993500000000000227e+01,6.000000000000000000e+01
1.890000000000000000e+02,4.464685000000000770e+01,4.996699999999999875e+01,6.000000000000000000e+01
1.900000000000000000e+02,4.493609999999999616e+01,4.990200000000000102e+01,6.000000000000000000e+01
1.910000000000000000e+02,4.493609999999999616e+01,4.990200000000000102e+01,6.000000000000000000e+01
1.920000000000000000e+02,4.464685000000000770e+01,4.996699999999999875e+01,6.000000000000000000e+01
1.930000000000000000e+02,4.478924999999998846e+01,4.993500000000000227e+01,6.000000000000000000e+01
1.940000000000000000e+02,4.507850000000001245e+01,4.986999999999999744e+01,6.000000000000000000e+01
1.950000000000000000e+02,4.478924999999998846e+01,4.993500000000000227e+01,6.000000000000000000e+01
1.960000000000000000e+02,4.522090000000000032e+01,4.983800000000000097e+01,6.000000000000000000e+01
1.970000000000000000e+02,4.579494999999998583e+01,4.970900000000000318e+01,6.000000000000000000e+01
1.980000000000000000e+02,4.593735000000000213e+01,4.967699999999999960e+01,6.000000000000000000e+01
1.990000000000000000e+02,4.579494999999998583e+01,4.970900000000000318e+01,6.000000000000000000e+01
2.000000000000000000e+02,4.593735000000000213e+01,4.967699999999999960e+01,6.000000000000000000e+01
2.010000000000000000e+02,4.579494999999998583e+01,4.970900000000000318e+01,6.000000000000000000e+01
2.020000000000000000e+02,4.593735000000000213e+01,4.967699999999999960e+01,6.000000000000000000e+01
2.030000000000000000e+02,4.579494999999998583e+01,4.970900000000000318e+01,6.000000000000000000e+01
2.040000000000000000e+02,4.593735000000000213e+01,4.967699999999999960e+01,6.000000000000000000e+01
2.050000000000000000e+02,4.579494999999998583e+01,4.970900000000000318e+01,6.000000000000000000e+01
2.060000000000000000e+02,4.565255000000000507e+01,4.974099999999999966e+01,6.000000000000000000e+01
2.070000000000000000e+02,4.607974999999999000e+01,4.964500000000000313e+01,6.000000000000000000e+01
2.080000000000000000e+02,4.607974999999999000e+01,4.964500000000000313e+01,6.000000000000000000e+01
2.090000000000000000e+02,4.551014999999998878e+01,4.977300000000000324e+01,6.000000000000000000e+01
2.100000000000000000e+02,4.551014999999998878e+01,4.977300000000000324e+01,6.000000000000000000e+01
2.110000000000000000e+02,4.593735000000000213e+01,4.967699999999999960e+01,6.000000000000000000e+01
2.120000000000000000e+02,4.607974999999999000e+01,4.964500000000000313e+01,6.000000000000000000e+01
2.130000000000000000e+02,4.565255000000000507e+01,4.974099999999999966e+01,6.000000000000000000e+01
2.140000000000000000e+02,4.565255000000000507e+01,4.974099999999999966e+01,6.000000000000000000e+01
2.150000000000000000e+02,4.565255000000000507e+01,4.974099999999999966e+01,6.000000000000000000e+01
2.160000000000000000e+02,4.579494999999998583e+01,4.970900000000000318e+01,6.000000000000000000e+01
2.170000000000000000e+02,4.579494999999998583e+01,4.970900000000000318e+01,6.000000000000000000e+01
2.180000000000000000e+02,4.579494999999998583e+01,4.970900000000000318e+01,6.000000000000000000e+01
2.190000000000000000e+02,4.579494999999998583e+01,4.970900000000000318e+01,6.000000000000000000e+01
2.200000000000000000e+02,4.607974999999999000e+01,4.964500000000000313e+01,6.000000000000000000e+01
2.210000000000000000e+02,4.622659999999999059e+01,4.961200000000000188e+01,6.000000000000000000e+01
2.220000000000000000e+02,4.593735000000000213e+01,4.967699999999999960e+01,6.000000000000000000e+01
2.230000000000000000e+02,4.607974999999999000e+01,4.964500000000000313e+01,6.000000000000000000e+01
2.240000000000000000e+02,4.665380000000001104e+01,4.951599999999999824e+01,6.000000000000000000e+01
2.250000000000000000e+02,4.665380000000001104e+01,4.951599999999999824e+01,6.000000000000000000e+01
2.260000000000000000e+02,4.694304999999999950e+01,4.945100000000000051e+01,6.000000000000000000e+01
2.270000000000000000e+02,4.665380000000001104e+01,4.951599999999999824e+01,6.000000000000000000e+01
2.280000000000000000e+02,4.694304999999999950e+01,4.945100000000000051e+01,6.000000000000000000e+01
2.290000000000000000e+02,4.722784999999999656e+01,4.938700000000000045e+01,6.000000000000000000e+01
2.300000000000000000e+02,4.737470000000000425e+01,4.935399999999999920e+01,6.000000000000000000e+01
2.310000000000000000e+02,4.708545000000001579e+01,4.941899999999999693e+01,6.000000000000000000e+01
2.320000000000000000e+02,4.722784999999999656e+01,4.938700000000000045e+01,6.000000000000000000e+01
2.330000000000000000e+02,4.680065000000001874e+01,4.948299999999999699e+01,6.000000000000000000e+01
2.340000000000000000e+02,4.708545000000001579e+01,4.941899999999999693e+01,6.000000000000000000e+01
2.350000000000000000e+02,4.708545000000001579e+01,4.941899999999999693e+01,6.000000000000000000e+01
2.360000000000000000e+02,4.722784999999999656e+01,4.938700000000000045e+01,6.000000000000000000e+01
2.370000000000000000e+02,4.722784999999999656e+01,4.938700000000000045e+01,6.000000000000000000e+01
2.380000000000000000e+02,4.722784999999999656e+01,4.938700000000000045e+01,6.000000000000000000e+01
2.390000000000000000e+02,4.722784999999999656e+01,4.938700000000000045e+01,6.000000000000000000e+01
2.400000000000000000e+02,4.694304999999999950e+01,4.945100000000000051e+01,6.000000000000000000e+01
2.410000000000000000e+02,4.722784999999999656e+01,4.938700000000000045e+01,6.000000000000000000e+01
2.420000000000000000e+02,4.722784999999999656e+01,4.938700000000000045e+01,6.000000000000000000e+01
2.430000000000000000e+02,4.694304999999999950e+01,4.945100000000000051e+01,6.000000000000000000e+01
2.440000000000000000e+02,4.708545000000001579e+01,4.941899999999999693e+01,6.000000000000000000e+01
2.450000000000000000e+02,4.708545000000001579e+01,4.941899999999999693e+01,6.000000000000000000e+01
2.460000000000000000e+02,4.708545000000001579e+01,4.941899999999999693e+01,6.000000000000000000e+01
2.470000000000000000e+02,4.708545000000001579e+01,4.941899999999999693e+01,6.000000000000000000e+01
2.480000000000000000e+02,4.722784999999999656e+01,4.938700000000000045e+01,6.000000000000000000e+01
2.490000000000000000e+02,4.722784999999999656e+01,4.938700000000000045e+01,6.000000000000000000e+01
2.500000000000000000e+02,4.722784999999999656e+01,4.938700000000000045e+01,6.000000000000000000e+01
2.510000000000000000e+02,4.722784999999999656e+01,4.938700000000000045e+01,6.000000000000000000e+01
2.520000000000000000e+02,4.737470000000000425e+01,4.935399999999999920e+01,6.000000000000000000e+01
2.530000000000000000e+02,4.751709999999999212e+01,4.932200000000000273e+01,6.000000000000000000e+01
2.540000000000000000e+02,4.737470000000000425e+01,4.935399999999999920e+01,6.000000000000000000e+01
2.550000000000000000e+02,4.708545000000001579e+01,4.941899999999999693e+01,6.000000000000000000e+01
2.560000000000000000e+02,4.751709999999999212e+01,4.932200000000000273e+01,6.000000000000000000e+01
2.570000000000000000e+02,4.722784999999999656e+01,4.938700000000000045e+01,6.000000000000000000e+01
2.580000000000000000e+02,4.708545000000001579e+01,4.941899999999999693e+01,6.000000000000000000e+01
2.590000000000000000e+02,4.722784999999999656e+01,4.938700000000000045e+01,6.000000000000000000e+01
2.600000000000000000e+02,4.694304999999999950e+01,4.945100000000000051e+01,6.000000000000000000e+01
2.610000000000000000e+02,4.694304999999999950e+01,4.945100000000000051e+01,6.000000000000000000e+01
2.620000000000000000e+02,4.722784999999999656e+01,4.938700000000000045e+01,6.000000000000000000e+01
2.630000000000000000e+02,4.708545000000001579e+01,4.941899999999999693e+01,6.000000000000000000e+01
2.640000000000000000e+02,4.694304999999999950e+01,4.945100000000000051e+01,6.000000000000000000e+01
2.650000000000000000e+02,4.722784999999999656e+01,4.938700000000000045e+01,6.000000000000000000e+01
2.660000000000000000e+02,4.694304999999999950e+01,4.945100000000000051e+01,6.000000000000000000e+01
2.670000000000000000e+02,4.680065000000001874e+01,4.948299999999999699e+01,6.000000000000000000e+01
2.680000000000000000e+02,4.737470000000000425e+01,4.935399999999999920e+01,6.000000000000000000e+01
2.690000000000000000e+02,4.694304999999999950e+01,4.945100000000000051e+01,6.000000000000000000e+01
2.700000000000000000e+02,4.722784999999999656e+01,4.938700000000000045e+01,6.000000000000000000e+01
2.710000000000000000e+02,4.680065000000001874e+01,4.948299999999999699e+01,6.000000000000000000e+01
2.720000000000000000e+02,4.722784999999999656e+01,4.938700000000000045e+01,6.000000000000000000e+01
2.730000000000000000e+02,4.708545000000001579e+01,4.941899999999999693e+01,6.000000000000000000e+01
2.740000000000000000e+02,4.680065000000001874e+01,4.948299999999999699e+01,6.000000000000000000e+01
2.750000000000000000e+02,4.651139999999999475e+01,4.954800000000000182e+01,6.000000000000000000e+01
2.760000000000000000e+02,4.680065000000001874e+01,4.948299999999999699e+01,6.000000000000000000e+01
2.770000000000000000e+02,4.680065000000001874e+01,4.948299999999999699e+01,6.000000000000000000e+01
2.780000000000000000e+02,4.694304999999999950e+01,4.945100000000000051e+01,6.000000000000000000e+01
2.790000000000000000e+02,4.722784999999999656e+01,4.938700000000000045e+01,6.000000000000000000e+01
2.800000000000000000e+02,4.708545000000001579e+01,4.941899999999999693e+01,6.000000000000000000e+01
2.810000000000000000e+02,4.737470000000000425e+01,4.935399999999999920e+01,6.000000000000000000e+01
2.820000000000000000e+02,4.665380000000001104e+01,4.951599999999999824e+01,6.000000000000000000e+01
2.830000000000000000e+02,4.708545000000001579e+01,4.941899999999999693e+01,6.000000000000000000e+01
2.840000000000000000e+02,4.680065000000001874e+01,4.948299999999999699e+01,6.000000000000000000e+01
2.850000000000000000e+02,4.622659999999999059e+01,4.961200000000000188e+01,6.000000000000000000e+01
2.860000000000000000e+02,4.636900000000000688e+01,4.957999999999999829e+01,6.000000000000000000e+01
2.870000000000000000e+02,4.607974999999999000e+01,4.964500000000000313e+01,6.000000000000000000e+01
2.880000000000000000e+02,4.607974999999999000e+01,4.964500000000000313e+01,6.000000000000000000e+01
2.890000000000000000e+02,4.636900000000000688e+01,4.957999999999999829e+01,6.000000000000000000e+01
2.900000000000000000e+02,4.593735000000000213e+01,4.967699999999999960e+01,6.000000000000000000e+01
2.910000000000000000e+02,4.651139999999999475e+01,4.954800000000000182e+01,6.000000000000000000e+01
2.920000000000000000e+02,4.622659999999999059e+01,4.961200000000000188e+01,6.000000000000000000e+01
2.930000000000000000e+02,4.622659999999999059e+01,4.961200000000000188e+01,6.000000000000000000e+01
2.940000000000000000e+02,4.680065000000001874e+01,4.948299999999999699e+01,6.000000000000000000e+01
2.950000000000000000e+02,4.708545000000001579e+01,4.941899999999999693e+01,6.000000000000000000e+01
2.960000000000000000e+02,4.722784999999999656e+01,4.938700000000000045e+01,6.000000000000000000e+01
2.970000000000000000e+02,4.694304999999999950e+01,4.945100000000000051e+01,6.000000000000000000e+01
2.980000000000000000e+02,4.665380000000001104e+01,4.951599999999999824e+01,6.000000000000000000e+01
2.990000000000000000e+02,4.722784999999999656e+01,4.938700000000000045e+01,6.000000000000000000e+01
3.000000000000000000e+02,4.694304999999999950e+01,4.945100000000000051e+01,6.000000000000000000e+01
3.010000000000000000e+02,4.651139999999999475e+01,4.954800000000000182e+01,6.000000000000000000e+01
3.020000000000000000e+02,4.636900000000000688e+01,4.957999999999999829e+01,6.000000000000000000e+01
3.030000000000000000e+02,4.607974999999999000e+01,4.964500000000000313e+01,6.000000000000000000e+01
3.040000000000000000e+02,4.622659999999999059e+01,4.961200000000000188e+01,6.000000000000000000e+01
3.050000000000000000e+02,4.622659999999999059e+01,4.961200000000000188e+01,6.000000000000000000e+01
3.060000000000000000e+02,4.579494999999998583e+01,4.970900000000000318e+01,6.000000000000000000e+01
3.070000000000000000e+02,4.593735000000000213e+01,4.967699999999999960e+01,6.000000000000000000e+01
3.080000000000000000e+02,4.579494999999998583e+01,4.970900000000000318e+01,6.000000000000000000e+01
3.090000000000000000e+02,4.593735000000000213e+01,4.967699999999999960e+01,6.000000000000000000e+01
3.100000000000000000e+02,4.607974999999999000e+01,4.964500000000000313e+01,6.000000000000000000e+01
3.110000000000000000e+02,4.622659999999999059e+01,4.961200000000000188e+01,6.000000000000000000e+01
3.120000000000000000e+02,4.579494999999998583e+01,4.970900000000000318e+01,6.000000000000000000e+01
3.130000000000000000e+02,4.579494999999998583e+01,4.970900000000000318e+01,6.000000000000000000e+01
3.140000000000000000e+02,4.565255000000000507e+01,4.974099999999999966e+01,6.000000000000000000e+01
3.150000000000000000e+02,4.607974999999999000e+01,4.964500000000000313e+01,6.000000000000000000e+01
3.160000000000000000e+02,4.565255000000000507e+01,4.974099999999999966e+01,6.000000000000000000e+01
3.170000000000000000e+02,4.622659999999999059e+01,4.961200000000000188e+01,6.000000000000000000e+01
3.180000000000000000e+02,4.607974999999999000e+01,4.964500000000000313e+01,6.000000000000000000e+01
3.190000000000000000e+02,4.579494999999998583e+01,4.970900000000000318e+01,6.000000000000000000e+01
3.200000000000000000e+02,4.579494999999998583e+01,4.970900000000000318e+01,6.000000000000000000e+01
3.210000000000000000e+02,4.593735000000000213e+01,4.967699999999999960e+01,6.000000000000000000e+01
3.220000000000000000e+02,4.565255000000000507e+01,4.974099999999999966e+01,6.000000000000000000e+01
3.230000000000000000e+02,4.565255000000000507e+01,4.974099999999999966e+01,6.000000000000000000e+01
3.240000000000000000e+02,4.565255000000000507e+01,4.974099999999999966e+01,6.000000000000000000e+01
3.250000000000000000e+02,4.565255000000000507e+01,4.974099999999999966e+01,6.000000000000000000e+01
3.260000000000000000e+02,4.593735000000000213e+01,4.967699999999999960e+01,6.000000000000000000e+01
3.270000000000000000e+02,4.565255000000000507e+01,4.974099999999999966e+01,6.000000000000000000e+01
3.280000000000000000e+02,4.565255000000000507e+01,4.974099999999999966e+01,6.000000000000000000e+01
3.290000000000000000e+02,4.607974999999999000e+01,4.964500000000000313e+01,6.000000000000000000e+01
3.300000000000000000e+02,4.565255000000000507e+01,4.974099999999999966e+01,6.000000000000000000e+01
3.310000000000000000e+02,4.565255000000000507e+01,4.974099999999999966e+01,6.000000000000000000e+01
3.320000000000000000e+02,4.607974999999999000e+01,4.964500000000000313e+01,6.000000000000000000e+01
3.330000000000000000e+02,4.593735000000000213e+01,4.967699999999999960e+01,6.000000000000000000e+01
3.340000000000000000e+02,4.579494999999998583e+01,4.970900000000000318e+01,6.000000000000000000e+01
3.350000000000000000e+02,4.565255000000000507e+01,4.974099999999999966e+01,6.000000000000000000e+01
3.360000000000000000e+02,4.593735000000000213e+01,4.967699999999999960e+01,6.000000000000000000e+01
3.370000000000000000e+02,4.593735000000000213e+01,4.967699999999999960e+01,6.000000000000000000e+01
3.380000000000000000e+02,4.622659999999999059e+01,4.961200000000000188e+01,6.000000000000000000e+01
3.390000000000000000e+02,4.593735000000000213e+01,4.967699999999999960e+01,6.000000000000000000e+01
3.400000000000000000e+02,4.579494999999998583e+01,4.970900000000000318e+01,6.000000000000000000e+01
3.410000000000000000e+02,4.579494999999998583e+01,4.970900000000000318e+01,6.000000000000000000e+01
3.420000000000000000e+02,4.565255000000000507e+01,4.974099999999999966e+01,6.000000000000000000e+01
3.430000000000000000e+02,4.565255000000000507e+01,4.974099999999999966e+01,6.000000000000000000e+01
3.440000000000000000e+02,4.579494999999998583e+01,4.970900000000000318e+01,6.000000000000000000e+01
3.450000000000000000e+02,4.565255000000000507e+01,4.974099999999999966e+01,6.000000000000000000e+01
3.460000000000000000e+02,4.579494999999998583e+01,4.970900000000000318e+01,6.000000000000000000e+01
3.470000000000000000e+02,4.551014999999998878e+01,4.977300000000000324e+01,6.000000000000000000e+01
3.480000000000000000e+02,4.607974999999999000e+01,4.964500000000000313e+01,6.000000000000000000e+01
3.490000000000000000e+02,4.593735000000000213e+01,4.967699999999999960e+01,6.000000000000000000e+01
3.500000000000000000e+02,4.607974999999999000e+01,4.964500000000000313e+01,6.000000000000000000e+01
3.510000000000000000e+02,4.522090000000000032e+01,4.983800000000000097e+01,6.000000000000000000e+01
3.520000000000000000e+02,4.551014999999998878e+01,4.977300000000000324e+01,6.000000000000000000e+01
3.530000000000000000e+02,4.493609999999999616e+01,4.990200000000000102e+01,6.000000000000000000e+01
3.540000000000000000e+02,4.522090000000000032e+01,4.983800000000000097e+01,6.000000000000000000e+01
3.550000000000000000e+02,4.493609999999999616e+01,4.990200000000000102e+01,6.000000000000000000e+01
3.560000000000000000e+02,4.493609999999999616e+01,4.990200000000000102e+01,6.000000000000000000e+01
3.570000000000000000e+02,4.450444999999999141e+01,4.999900000000000233e+01,6.000000000000000000e+01
3.580000000000000000e+02,4.450444999999999141e+01,4.999900000000000233e+01,6.000000000000000000e+01
3.590000000000000000e+02,4.450444999999999141e+01,4.999900000000000233e+01,6.000000000000000000e+01
3.600000000000000000e+02,4.464685000000000770e+01,4.996699999999999875e+01,6.000000000000000000e+01
3.610000000000000000e+02,4.493609999999999616e+01,4.990200000000000102e+01,6.000000000000000000e+01
3.620000000000000000e+02,4.507850000000001245e+01,4.986999999999999744e+01,6.000000000000000000e+01
3.630000000000000000e+02,4.464685000000000770e+01,4.996699999999999875e+01,6.000000000000000000e+01
3.640000000000000000e+02,4.493609999999999616e+01,4.990200000000000102e+01,6.000000000000000000e+01
3.650000000000000000e+02,4.565255000000000507e+01,4.974099999999999966e+01,6.000000000000000000e+01
3.660000000000000000e+02,4.450444999999999141e+01,4.999900000000000233e+01,6.000000000000000000e+01
3.670000000000000000e+02,4.464685000000000770e+01,4.996699999999999875e+01,6.000000000000000000e+01
3.680000000000000000e+02,4.507850000000001245e+01,4.986999999999999744e+01,6.000000000000000000e+01
3.690000000000000000e+02,4.551014999999998878e+01,4.977300000000000324e+01,6.000000000000000000e+01
3.700000000000000000e+02,4.565255000000000507e+01,4.974099999999999966e+01,6.000000000000000000e+01
3.710000000000000000e+02,4.593735000000000213e+01,4.967699999999999960e+01,6.000000000000000000e+01
3.720000000000000000e+02,4.579494999999998583e+01,4.970900000000000318e+01,6.000000000000000000e+01
3.730000000000000000e+02,4.579494999999998583e+01,4.970900000000000318e+01,6.000000000000000000e+01
3.740000000000000000e+02,4.579494999999998583e+01,4.970900000000000318e+01,6.000000000000000000e+01
3.750000000000000000e+02,4.579494999999998583e+01,4.970900000000000318e+01,6.000000000000000000e+01
3.760000000000000000e+02,4.579494999999998583e+01,4.970900000000000318e+01,6.000000000000000000e+01
3.770000000000000000e+02,4.607974999999999000e+01,4.964500000000000313e+01,6.000000000000000000e+01
3.780000000000000000e+02,4.551014999999998878e+01,4.977300000000000324e+01,6.000000000000000000e+01
3.790000000000000000e+02,4.565255000000000507e+01,4.974099999999999966e+01,6.000000000000000000e+01
3.800000000000000000e+02,4.607974999999999000e+01,4.964500000000000313e+01,6.000000000000000000e+01
3.810000000000000000e+02,4.522090000000000032e+01,4.983800000000000097e+01,6.000000000000000000e+01
3.820000000000000000e+02,4.450444999999999141e+01,4.999900000000000233e+01,6.000000000000000000e+01
3.830000000000000000e+02,4.493609999999999616e+01,4.990200000000000102e+01,6.000000000000000000e+01
3.840000000000000000e+02,4.450444999999999141e+01,4.999900000000000233e+01,6.000000000000000000e+01
3.850000000000000000e+02,4.450444999999999141e+01,4.999900000000000233e+01,6.000000000000000000e+01
3.860000000000000000e+02,4.478924999999998846e+01,4.993500000000000227e+01,6.000000000000000000e+01
3.870000000000000000e+02,4.493609999999999616e+01,4.990200000000000102e+01,6.000000000000000000e+01
3.880000000000000000e+02,4.493609999999999616e+01,4.990200000000000102e+01,6.000000000000000000e+01
3.890000000000000000e+02,4.507850000000001245e+01,4.986999999999999744e+01,6.000000000000000000e+01
3.900000000000000000e+02,4.507850000000001245e+01,4.986999999999999744e+01,6.000000000000000000e+01
3.910000000000000000e+02,4.464685000000000770e+01,4.996699999999999875e+01,6.000000000000000000e+01
3.920000000000000000e+02,4.478924999999998846e+01,4.993500000000000227e+01,6.000000000000000000e+01
3.930000000000000000e+02,4.493609999999999616e+01,4.990200000000000102e+01,6.000000000000000000e+01
3.940000000000000000e+02,4.478924999999998846e+01,4.993500000000000227e+01,6.000000000000000000e+01
3.950000000000000000e+02,4.522090000000000032e+01,4.983800000000000097e+01,6.000000000000000000e+01
3.960000000000000000e+02,4.478924999999998846e+01,4.993500000000000227e+01,6.000000000000000000e+01
3.970000000000000000e+02,4.536330000000001661e+01,4.980599999999999739e+01,6.000000000000000000e+01
3.980000000000000000e+02,4.536330000000001661e+01,4.980599999999999739e+01,6.000000000000000000e+01
3.990000000000000000e+02,4.565255000000000507e+01,4.974099999999999966e+01,6.000000000000000000e+01
4.000000000000000000e+02,4.579494999999998583e+01,4.970900000000000318e+01,6.000000000000000000e+01
4.010000000000000000e+02,4.536330000000001661e+01,4.980599999999999739e+01,6.000000000000000000e+01
4.020000000000000000e+02,4.536330000000001661e+01,4.980599999999999739e+01,6.000000000000000000e+01
4.030000000000000000e+02,4.478924999999998846e+01,4.993500000000000227e+01,6.000000000000000000e+01
4.040000000000000000e+02,4.493609999999999616e+01,4.990200000000000102e+01,6.000000000000000000e+01
4.050000000000000000e+02,4.493609999999999616e+01,4.990200000000000102e+01,6.000000000000000000e+01
4.060000000000000000e+02,4.436205000000000354e+01,5.003099999999999881e+01,6.000000000000000000e+01
4.070000000000000000e+02,4.464685000000000770e+01,4.996699999999999875e+01,6.000000000000000000e+01
4.080000000000000000e+02,4.464685000000000770e+01,4.996699999999999875e+01,6.000000000000000000e+01
4.090000000000000000e+02,4.478924999999998846e+01,4.993500000000000227e+01,6.000000000000000000e+01
4.100000000000000000e+02,4.478924999999998846e+01,4.993500000000000227e+01,6.000000000000000000e+01
4.110000000000000000e+02,4.507850000000001245e+01,4.986999999999999744e+01,6.000000000000000000e+01
4.120000000000000000e+02,4.464685000000000770e+01,4.996699999999999875e+01,6.000000000000000000e+01
4.130000000000000000e+02,4.551014999999998878e+01,4.977300000000000324e+01,6.000000000000000000e+01
4.140000000000000000e+02,4.551014999999998878e+01,4.977300000000000324e+01,6.000000000000000000e+01
4.150000000000000000e+02,4.536330000000001661e+01,4.980599999999999739e+01,6.000000000000000000e+01
4.160000000000000000e+02,4.551014999999998878e+01,4.977300000000000324e+01,6.000000000000000000e+01
4.170000000000000000e+02,4.551014999999998878e+01,4.977300000000000324e+01,6.000000000000000000e+01
4.180000000000000000e+02,4.593735000000000213e+01,4.967699999999999960e+01,6.000000000000000000e+01
4.190000000000000000e+02,4.565255000000000507e+01,4.974099999999999966e+01,6.000000000000000000e+01
4.200000000000000000e+02,4.536330000000001661e+01,4.980599999999999739e+01,6.000000000000000000e+01
4.210000000000000000e+02,4.565255000000000507e+01,4.974099999999999966e+01,6.000000000000000000e+01
4.220000000000000000e+02,4.565255000000000507e+01,4.974099999999999966e+01,6.000000000000000000e+01
4.230000000000000000e+02,4.565255000000000507e+01,4.974099999999999966e+01,6.000000000000000000e+01
4.240000000000000000e+02,4.551014999999998878e+01,4.977300000000000324e+01,6.000000000000000000e+01
4.250000000000000000e+02,4.565255000000000507e+01,4.974099999999999966e+01,6.000000000000000000e+01
4.260000000000000000e+02,4.551014999999998878e+01,4.977300000000000324e+01,6.000000000000000000e+01
4.270000000000000000e+02,4.579494999999998583e+01,4.970900000000000318e+01,6.000000000000000000e+01
4.280000000000000000e+02,4.607974999999999000e+01,4.964500000000000313e+01,6.000000000000000000e+01
4.290000000000000000e+02,4.593735000000000213e+01,4.967699999999999960e+01,6.000000000000000000e+01
4.300000000000000000e+02,4.593735000000000213e+01,4.967699999999999960e+01,6.000000000000000000e+01
4.310000000000000000e+02,4.593735000000000213e+01,4.967699999999999960e+01,6.000000000000000000e+01
4.320000000000000000e+02,4.622659999999999059e+01,4.961200000000000188e+01,6.000000000000000000e+01
4.330000000000000000e+02,4.636900000000000688e+01,4.957999999999999829e+01,6.000000000000000000e+01
4.340000000000000000e+02,4.607974999999999000e+01,4.964500000000000313e+01,6.000000000000000000e+01
4.350000000000000000e+02,4.565255000000000507e+01,4.974099999999999966e+01,6.000000000000000000e+01
4.360000000000000000e+02,4.565255000000000507e+01,4.974099999999999966e+01,6.000000000000000000e+01
4.370000000000000000e+02,4.607974999999999000e+01,4.964500000000000313e+01,6.000000000000000000e+01
4.380000000000000000e+02,4.565255000000000507e+01,4.974099999999999966e+01,6.000000000000000000e+01
4.390000000000000000e+02,4.579494999999998583e+01,4.970900000000000318e+01,6.000000000000000000e+01
4.400000000000000000e+02,4.607974999999999000e+01,4.964500000000000313e+01,6.000000000000000000e+01
4.410000000000000000e+02,4.636900000000000688e+01,4.957999999999999829e+01,6.000000000000000000e+01
4.420000000000000000e+02,4.593735000000000213e+01,4.967699999999999960e+01,6.000000000000000000e+01
4.430000000000000000e+02,4.593735000000000213e+01,4.967699999999999960e+01,6.000000000000000000e+01
4.440000000000000000e+02,4.622659999999999059e+01,4.961200000000000188e+01,6.000000000000000000e+01
4.450000000000000000e+02,4.579494999999998583e+01,4.970900000000000318e+01,6.000000000000000000e+01
4.460000000000000000e+02,4.607974999999999000e+01,4.964500000000000313e+01,6.000000000000000000e+01
4.470000000000000000e+02,4.579494999999998583e+01,4.970900000000000318e+01,6.000000000000000000e+01
4.480000000000000000e+02,4.579494999999998583e+01,4.970900000000000318e+01,6.000000000000000000e+01
4.490000000000000000e+02,4.607974999999999000e+01,4.964500000000000313e+01,6.000000000000000000e+01
4.500000000000000000e+02,4.593735000000000213e+01,4.967699999999999960e+01,6.000000000000000000e+01
4.510000000000000000e+02,4.622659999999999059e+01,4.961200000000000188e+01,6.000000000000000000e+01
4.520000000000000000e+02,4.593735000000000213e+01,4.967699999999999960e+01,6.000000000000000000e+01
4.530000000000000000e+02,4.636900000000000688e+01,4.957999999999999829e+01,6.000000000000000000e+01
4.540000000000000000e+02,4.607974999999999000e+01,4.964500000000000313e+01,6.000000000000000000e+01
4.550000000000000000e+02,4.622659999999999059e+01,4.961200000000000188e+01,6.000000000000000000e+01
4.560000000000000000e+02,4.622659999999999059e+01,4.961200000000000188e+01,6.000000000000000000e+01
4.570000000000000000e+02,4.593735000000000213e+01,4.967699999999999960e+01,6.000000000000000000e+01
4.580000000000000000e+02,4.751709999999999212e+01,4.932200000000000273e+01,6.000000000000000000e+01
4.590000000000000000e+02,4.593735000000000213e+01,4.967699999999999960e+01,6.000000000000000000e+01
4.600000000000000000e+02,4.622659999999999059e+01,4.961200000000000188e+01,6.000000000000000000e+01
4.610000000000000000e+02,4.607974999999999000e+01,4.964500000000000313e+01,6.000000000000000000e+01
4.620000000000000000e+02,4.622659999999999059e+01,4.961200000000000188e+01,6.000000000000000000e+01
4.630000000000000000e+02,4.579494999999998583e+01,4.970900000000000318e+01,6.000000000000000000e+01
4.640000000000000000e+02,4.579494999999998583e+01,4.970900000000000318e+01,6.000000000000000000e+01
4.650000000000000000e+02,4.593735000000000213e+01,4.967699999999999960e+01,6.000000000000000000e+01
4.660000000000000000e+02,4.607974999999999000e+01,4.964500000000000313e+01,6.000000000000000000e+01
4.670000000000000000e+02,4.607974999999999000e+01,4.964500000000000313e+01,6.000000000000000000e+01
4.680000000000000000e+02,4.593735000000000213e+01,4.967699999999999960e+01,6.000000000000000000e+01
4.690000000000000000e+02,4.593735000000000213e+01,4.967699999999999960e+01,6.000000000000000000e+01
4.700000000000000000e+02,4.551014999999998878e+01,4.977300000000000324e+01,6.000000000000000000e+01
4.710000000000000000e+02,4.565255000000000507e+01,4.974099999999999966e+01,6.000000000000000000e+01
4.720000000000000000e+02,4.579494999999998583e+01,4.970900000000000318e+01,6.000000000000000000e+01
4.730000000000000000e+02,4.579494999999998583e+01,4.970900000000000318e+01,6.000000000000000000e+01
4.740000000000000000e+02,4.593735000000000213e+01,4.967699999999999960e+01,6.000000000000000000e+01
4.750000000000000000e+02,4.607974999999999000e+01,4.964500000000000313e+01,6.000000000000000000e+01
4.760000000000000000e+02,4.593735000000000213e+01,4.967699999999999960e+01,6.000000000000000000e+01
4.770000000000000000e+02,4.565255000000000507e+01,4.974099999999999966e+01,6.000000000000000000e+01
4.780000000000000000e+02,4.593735000000000213e+01,4.967699999999999960e+01,6.000000000000000000e+01
4.790000000000000000e+02,4.607974999999999000e+01,4.964500000000000313e+01,6.000000000000000000e+01
4.800000000000000000e+02,4.593735000000000213e+01,4.967699999999999960e+01,6.000000000000000000e+01
4.810000000000000000e+02,4.593735000000000213e+01,4.967699999999999960e+01,6.000000000000000000e+01
4.820000000000000000e+02,4.579494999999998583e+01,4.970900000000000318e+01,6.000000000000000000e+01
4.830000000000000000e+02,4.593735000000000213e+01,4.967699999999999960e+01,6.000000000000000000e+01
4.840000000000000000e+02,4.607974999999999000e+01,4.964500000000000313e+01,6.000000000000000000e+01
4.850000000000000000e+02,4.579494999999998583e+01,4.970900000000000318e+01,6.000000000000000000e+01
4.860000000000000000e+02,4.593735000000000213e+01,4.967699999999999960e+01,6.000000000000000000e+01
4.870000000000000000e+02,4.607974999999999000e+01,4.964500000000000313e+01,6.000000000000000000e+01
4.880000000000000000e+02,4.579494999999998583e+01,4.970900000000000318e+01,6.000000000000000000e+01
4.890000000000000000e+02,4.607974999999999000e+01,4.964500000000000313e+01,6.000000000000000000e+01
4.900000000000000000e+02,4.607974999999999000e+01,4.964500000000000313e+01,6.000000000000000000e+01
4.910000000000000000e+02,4.565255000000000507e+01,4.974099999999999966e+01,6.000000000000000000e+01
4.920000000000000000e+02,4.593735000000000213e+01,4.967699999999999960e+01,6.000000000000000000e+01
4.930000000000000000e+02,4.565255000000000507e+01,4.974099999999999966e+01,6.000000000000000000e+01
4.940000000000000000e+02,4.565255000000000507e+01,4.974099999999999966e+01,6.000000000000000000e+01
4.950000000000000000e+02,4.579494999999998583e+01,4.970900000000000318e+01,6.000000000000000000e+01
4.960000000000000000e+02,4.607974999999999000e+01,4.964500000000000313e+01,6.000000000000000000e+01
4.970000000000000000e+02,4.593735000000000213e+01,4.967699999999999960e+01,6.000000000000000000e+01
4.980000000000000000e+02,4.622659999999999059e+01,4.961200000000000188e+01,6.000000000000000000e+01
4.990000000000000000e+02,4.651139999999999475e+01,4.954800000000000182e+01,6.000000000000000000e+01
5.000000000000000000e+02,4.622659999999999059e+01,4.961200000000000188e+01,6.000000000000000000e+01
5.010000000000000000e+02,4.622659999999999059e+01,4.961200000000000188e+01,6.000000000000000000e+01
5.020000000000000000e+02,4.665380000000001104e+01,4.951599999999999824e+01,6.000000000000000000e+01
5.030000000000000000e+02,4.680065000000001874e+01,4.948299999999999699e+01,6.000000000000000000e+01
5.040000000000000000e+02,4.751709999999999212e+01,4.932200000000000273e+01,6.000000000000000000e+01
5.050000000000000000e+02,4.751709999999999212e+01,4.932200000000000273e+01,6.000000000000000000e+01
5.060000000000000000e+02,4.708545000000001579e+01,4.941899999999999693e+01,6.000000000000000000e+01
5.070000000000000000e+02,4.737470000000000425e+01,4.935399999999999920e+01,6.000000000000000000e+01
5.080000000000000000e+02,4.665380000000001104e+01,4.951599999999999824e+01,6.000000000000000000e+01
5.090000000000000000e+02,4.607974999999999000e+01,4.964500000000000313e+01,6.000000000000000000e+01
5.100000000000000000e+02,4.636900000000000688e+01,4.957999999999999829e+01,6.000000000000000000e+01
5.110000000000000000e+02,4.680065000000001874e+01,4.948299999999999699e+01,6.000000000000000000e+01
5.120000000000000000e+02,4.636900000000000688e+01,4.957999999999999829e+01,6.000000000000000000e+01
5.130000000000000000e+02,4.636900000000000688e+01,4.957999999999999829e+01,6.000000000000000000e+01
5.140000000000000000e+02,4.607974999999999000e+01,4.964500000000000313e+01,6.000000000000000000e+01
5.150000000000000000e+02,4.593735000000000213e+01,4.967699999999999960e+01,6.000000000000000000e+01
5.160000000000000000e+02,4.636900000000000688e+01,4.957999999999999829e+01,6.000000000000000000e+01
5.170000000000000000e+02,4.579494999999998583e+01,4.970900000000000318e+01,6.000000000000000000e+01
5.180000000000000000e+02,4.622659999999999059e+01,4.961200000000000188e+01,6.000000000000000000e+01
5.190000000000000000e+02,4.579494999999998583e+01,4.970900000000000318e+01,6.000000000000000000e+01
5.200000000000000000e+02,4.593735000000000213e+01,4.967699999999999960e+01,6.000000000000000000e+01
5.210000000000000000e+02,4.636900000000000688e+01,4.957999999999999829e+01,6.000000000000000000e+01
5.220000000000000000e+02,4.722784999999999656e+01,4.938700000000000045e+01,6.000000000000000000e+01
5.230000000000000000e+02,4.694304999999999950e+01,4.945100000000000051e+01,6.000000000000000000e+01
5.240000000000000000e+02,4.722784999999999656e+01,4.938700000000000045e+01,6.000000000000000000e+01
5.250000000000000000e+02,4.722784999999999656e+01,4.938700000000000045e+01,6.000000000000000000e+01
5.260000000000000000e+02,4.708545000000001579e+01,4.941899999999999693e+01,6.000000000000000000e+01
5.270000000000000000e+02,4.722784999999999656e+01,4.938700000000000045e+01,6.000000000000000000e+01
5.280000000000000000e+02,4.737470000000000425e+01,4.935399999999999920e+01,6.000000000000000000e+01
5.290000000000000000e+02,4.737470000000000425e+01,4.935399999999999920e+01,6.000000000000000000e+01
5.300000000000000000e+02,4.737470000000000425e+01,4.935399999999999920e+01,6.000000000000000000e+01
5.310000000000000000e+02,4.694304999999999950e+01,4.945100000000000051e+01,6.000000000000000000e+01
5.320000000000000000e+02,4.708545000000001579e+01,4.941899999999999693e+01,6.000000000000000000e+01
5.330000000000000000e+02,4.751709999999999212e+01,4.932200000000000273e+01,6.000000000000000000e+01
5.340000000000000000e+02,4.737470000000000425e+01,4.935399999999999920e+01,6.000000000000000000e+01
5.350000000000000000e+02,4.722784999999999656e+01,4.938700000000000045e+01,6.000000000000000000e+01
5.360000000000000000e+02,4.737470000000000425e+01,4.935399999999999920e+01,6.000000000000000000e+01
5.370000000000000000e+02,4.722784999999999656e+01,4.938700000000000045e+01,6.000000000000000000e+01
5.380000000000000000e+02,4.737470000000000425e+01,4.935399999999999920e+01,6.000000000000000000e+01
5.390000000000000000e+02,4.751709999999999212e+01,4.932200000000000273e+01,6.000000000000000000e+01
5.400000000000000000e+02,4.751709999999999212e+01,4.932200000000000273e+01,6.000000000000000000e+01
5.410000000000000000e+02,4.722784999999999656e+01,4.938700000000000045e+01,6.000000000000000000e+01
5.420000000000000000e+02,4.751709999999999212e+01,4.932200000000000273e+01,6.000000000000000000e+01
5.430000000000000000e+02,4.680065000000001874e+01,4.948299999999999699e+01,6.000000000000000000e+01
5.440000000000000000e+02,4.708545000000001579e+01,4.941899999999999693e+01,6.000000000000000000e+01
5.450000000000000000e+02,4.722784999999999656e+01,4.938700000000000045e+01,6.000000000000000000e+01
5.460000000000000000e+02,4.708545000000001579e+01,4.941899999999999693e+01,6.000000000000000000e+01
5.470000000000000000e+02,4.694304999999999950e+01,4.945100000000000051e+01,6.000000000000000000e+01
5.480000000000000000e+02,4.708545000000001579e+01,4.941899999999999693e+01,6.000000000000000000e+01
5.490000000000000000e+02,4.737470000000000425e+01,4.935399999999999920e+01,6.000000000000000000e+01
5.500000000000000000e+02,4.651139999999999475e+01,4.954800000000000182e+01,6.000000000000000000e+01
5.510000000000000000e+02,4.636900000000000688e+01,4.957999999999999829e+01,6.000000000000000000e+01
5.520000000000000000e+02,4.694304999999999950e+01,4.945100000000000051e+01,6.000000000000000000e+01
5.530000000000000000e+02,4.622659999999999059e+01,4.961200000000000188e+01,6.000000000000000000e+01
5.540000000000000000e+02,4.622659999999999059e+01,4.961200000000000188e+01,6.000000000000000000e+01
5.550000000000000000e+02,4.565255000000000507e+01,4.974099999999999966e+01,6.000000000000000000e+01
5.560000000000000000e+02,4.579494999999998583e+01,4.970900000000000318e+01,6.000000000000000000e+01
5.570000000000000000e+02,4.622659999999999059e+01,4.961200000000000188e+01,6.000000000000000000e+01
5.580000000000000000e+02,4.579494999999998583e+01,4.970900000000000318e+01,6.000000000000000000e+01
5.590000000000000000e+02,4.593735000000000213e+01,4.967699999999999960e+01,6.000000000000000000e+01
5.600000000000000000e+02,4.565255000000000507e+01,4.974099999999999966e+01,6.000000000000000000e+01
5.610000000000000000e+02,4.607974999999999000e+01,4.964500000000000313e+01,6.000000000000000000e+01
5.620000000000000000e+02,4.551014999999998878e+01,4.977300000000000324e+01,6.000000000000000000e+01
5.630000000000000000e+02,4.551014999999998878e+01,4.977300000000000324e+01,6.000000000000000000e+01
5.640000000000000000e+02,4.579494999999998583e+01,4.970900000000000318e+01,6.000000000000000000e+01
5.650000000000000000e+02,4.565255000000000507e+01,4.974099999999999966e+01,6.000000000000000000e+01
5.660000000000000000e+02,4.579494999999998583e+01,4.970900000000000318e+01,6.000000000000000000e+01
5.670000000000000000e+02,4.579494999999998583e+01,4.970900000000000318e+01,6.000000000000000000e+01
5.680000000000000000e+02,4.522090000000000032e+01,4.983800000000000097e+01,6.000000000000000000e+01
5.690000000000000000e+02,4.551014999999998878e+01,4.977300000000000324e+01,6.000000000000000000e+01
5.700000000000000000e+02,4.493609999999999616e+01,4.990200000000000102e+01,6.000000000000000000e+01
5.710000000000000000e+02,4.478924999999998846e+01,4.993500000000000227e+01,6.000000000000000000e+01
5.720000000000000000e+02,4.522090000000000032e+01,4.983800000000000097e+01,6.000000000000000000e+01
5.730000000000000000e+02,4.551014999999998878e+01,4.977300000000000324e+01,6.000000000000000000e+01
5.740000000000000000e+02,4.507850000000001245e+01,4.986999999999999744e+01,6.000000000000000000e+01
5.750000000000000000e+02,4.493609999999999616e+01,4.990200000000000102e+01,6.000000000000000000e+01
5.760000000000000000e+02,4.551014999999998878e+01,4.977300000000000324e+01,6.000000000000000000e+01
5.770000000000000000e+02,4.607974999999999000e+01,4.964500000000000313e+01,6.000000000000000000e+01
5.780000000000000000e+02,4.579494999999998583e+01,4.970900000000000318e+01,6.000000000000000000e+01
5.790000000000000000e+02,4.565255000000000507e+01,4.974099999999999966e+01,6.000000000000000000e+01
5.800000000000000000e+02,4.579494999999998583e+01,4.970900000000000318e+01,6.000000000000000000e+01
5.810000000000000000e+02,4.551014999999998878e+01,4.977300000000000324e+01,6.000000000000000000e+01
5.820000000000000000e+02,4.579494999999998583e+01,4.970900000000000318e+01,6.000000000000000000e+01
5.830000000000000000e+02,4.622659999999999059e+01,4.961200000000000188e+01,6.000000000000000000e+01
5.840000000000000000e+02,4.565255000000000507e+01,4.974099999999999966e+01,6.000000000000000000e+01
5.850000000000000000e+02,4.607974999999999000e+01,4.964500000000000313e+01,6.000000000000000000e+01
5.860000000000000000e+02,4.593735000000000213e+01,4.967699999999999960e+01,6.000000000000000000e+01
5.870000000000000000e+02,4.593735000000000213e+01,4.967699999999999960e+01,6.000000000000000000e+01
5.880000000000000000e+02,4.579494999999998583e+01,4.970900000000000318e+01,6.000000000000000000e+01
5.890000000000000000e+02,4.607974999999999000e+01,4.964500000000000313e+01,6.000000000000000000e+01
5.900000000000000000e+02,4.607974999999999000e+01,4.964500000000000313e+01,6.000000000000000000e+01
5.910000000000000000e+02,4.565255000000000507e+01,4.974099999999999966e+01,6.000000000000000000e+01
5.920000000000000000e+02,4.579494999999998583e+01,4.970900000000000318e+01,6.000000000000000000e+01
5.930000000000000000e+02,4.579494999999998583e+01,4.970900000000000318e+01,6.000000000000000000e+01
5.940000000000000000e+02,4.593735000000000213e+01,4.967699999999999960e+01,6.000000000000000000e+01
5.950000000000000000e+02,4.551014999999998878e+01,4.977300000000000324e+01,6.000000000000000000e+01
5.960000000000000000e+02,4.565255000000000507e+01,4.974099999999999966e+01,6.000000000000000000e+01
5.970000000000000000e+02,4.536330000000001661e+01,4.980599999999999739e+01,6.000000000000000000e+01
5.980000000000000000e+02,4.522090000000000032e+01,4.983800000000000097e+01,6.000000000000000000e+01
5.990000000000000000e+02,4.565255000000000507e+01,4.974099999999999966e+01,6.000000000000000000e+01
